ds,trend,yhat_lower,yhat_upper,trend_lower,trend_upper,additive_terms,additive_terms_lower,additive_terms_upper,daily,daily_lower,daily_upper,multiplicative_terms,multiplicative_terms_lower,multiplicative_terms_upper,yhat
2025-04-24 20:00:30,293.8152380588133,282.60710087104206,285.4106894688934,293.8152380588133,293.8152380588133,-9.812787507139992,-9.812787507139992,-9.812787507139992,-9.812787507139992,-9.812787507139992,-9.812787507139992,0.0,0.0,0.0,284.0024505516733
2025-04-24 20:01:30,293.8154822551914,282.6011039740064,285.4373103079161,293.8154822551914,293.8154822551914,-9.80160914443517,-9.80160914443517,-9.80160914443517,-9.80160914443517,-9.80160914443517,-9.80160914443517,0.0,0.0,0.0,284.0138731107562
2025-04-24 20:02:30,293.8157264515695,282.59174543514246,285.5417066129803,293.8157264515695,293.8157264515695,-9.789871385087896,-9.789871385087896,-9.789871385087896,-9.789871385087896,-9.789871385087896,-9.789871385087896,0.0,0.0,0.0,284.0258550664816
2025-04-24 20:03:30,293.81597064794767,282.5593873952829,285.4075160900725,293.81597064794767,293.81597064794767,-9.77756142696737,-9.77756142696737,-9.77756142696737,-9.77756142696737,-9.77756142696737,-9.77756142696737,0.0,0.0,0.0,284.03840922098027
2025-04-24 20:04:30,293.8162148443257,282.62254381965516,285.4231353335604,293.8162148443257,293.8162148443257,-9.764666389887468,-9.764666389887468,-9.764666389887468,-9.764666389887468,-9.764666389887468,-9.764666389887468,0.0,0.0,0.0,284.05154845443826
2025-04-24 20:05:30,293.8164590407038,282.6748123787207,285.4473023677043,293.8164590407038,293.8164590407038,-9.751173321060298,-9.751173321060298,-9.751173321060298,-9.751173321060298,-9.751173321060298,-9.751173321060298,0.0,0.0,0.0,284.0652857196435
2025-04-24 20:06:30,293.8167032370819,282.65035909529047,285.40795771001285,293.8167032370819,293.8167032370819,-9.737069196177604,-9.737069196177604,-9.737069196177604,-9.737069196177604,-9.737069196177604,-9.737069196177604,0.0,0.0,0.0,284.0796340409043
2025-04-24 20:07:30,293.81694743346003,282.7184827449409,285.50707716856664,293.81694743346003,293.81694743346003,-9.722340925385208,-9.722340925385208,-9.722340925385208,-9.722340925385208,-9.722340925385208,-9.722340925385208,0.0,0.0,0.0,284.09460650807483
2025-04-24 20:08:30,293.8171916298381,282.77350205761513,285.37739445353685,293.8171916298381,293.8171916298381,-9.70697535536201,-9.70697535536201,-9.70697535536201,-9.70697535536201,-9.70697535536201,-9.70697535536201,0.0,0.0,0.0,284.11021627447604
2025-04-24 20:09:30,293.8174358262162,282.79294295142125,285.4902541411356,293.8174358262162,293.8174358262162,-9.690959271783731,-9.690959271783731,-9.690959271783731,-9.690959271783731,-9.690959271783731,-9.690959271783731,0.0,0.0,0.0,284.12647655443243
2025-04-24 20:10:30,293.8176800225943,282.7737534180536,285.4834126445985,293.8176800225943,293.8176800225943,-9.674279405841421,-9.674279405841421,-9.674279405841421,-9.674279405841421,-9.674279405841421,-9.674279405841421,0.0,0.0,0.0,284.14340061675284
2025-04-24 20:11:30,293.8179242189724,282.6812168064166,285.55150599541696,293.8179242189724,293.8179242189724,-9.656922436145695,-9.656922436145695,-9.656922436145695,-9.656922436145695,-9.656922436145695,-9.656922436145695,0.0,0.0,0.0,284.1610017828267
2025-04-24 20:12:30,293.8181684153505,282.77201047778163,285.6437280822785,293.8181684153505,293.8181684153505,-9.638874991525684,-9.638874991525684,-9.638874991525684,-9.638874991525684,-9.638874991525684,-9.638874991525684,0.0,0.0,0.0,284.1792934238248
2025-04-24 20:13:30,293.8184126117286,282.7948599960923,285.56195729610624,293.8184126117286,293.8184126117286,-9.62012365778223,-9.62012365778223,-9.62012365778223,-9.62012365778223,-9.62012365778223,-9.62012365778223,0.0,0.0,0.0,284.19828895394636
2025-04-24 20:14:30,293.8186568081067,282.9055883206833,285.6449639037647,293.8186568081067,293.8186568081067,-9.60065497810676,-9.60065497810676,-9.60065497810676,-9.60065497810676,-9.60065497810676,-9.60065497810676,0.0,0.0,0.0,284.21800182999993
2025-04-24 20:15:30,293.8189010044848,282.850814785062,285.5973293091562,293.8189010044848,293.8189010044848,-9.580455460648983,-9.580455460648983,-9.580455460648983,-9.580455460648983,-9.580455460648983,-9.580455460648983,0.0,0.0,0.0,284.23844554383584
2025-04-24 20:16:30,293.81914520086286,282.82291692742996,285.606855892489,293.81914520086286,293.81914520086286,-9.559511578623827,-9.559511578623827,-9.559511578623827,-9.559511578623827,-9.559511578623827,-9.559511578623827,0.0,0.0,0.0,284.25963362223905
2025-04-24 20:17:30,293.81938939724097,282.8947568596312,285.6875464356924,293.81938939724097,293.81938939724097,-9.537809778302044,-9.537809778302044,-9.537809778302044,-9.537809778302044,-9.537809778302044,-9.537809778302044,0.0,0.0,0.0,284.2815796189389
2025-04-24 20:18:30,293.8196335936191,282.88270113337967,285.7869294454525,293.8196335936191,293.8196335936191,-9.515336479508468,-9.515336479508468,-9.515336479508468,-9.515336479508468,-9.515336479508468,-9.515336479508468,0.0,0.0,0.0,284.3042971141106
2025-04-24 20:19:30,293.8198777899972,282.8849848540987,285.68585435852276,293.8198777899972,293.8198777899972,-9.492078082854876,-9.492078082854876,-9.492078082854876,-9.492078082854876,-9.492078082854876,-9.492078082854876,0.0,0.0,0.0,284.3277997071423
2025-04-24 20:20:30,293.8201219863752,282.87239427985253,285.7166802916775,293.8201219863752,293.8201219863752,-9.46802097077786,-9.46802097077786,-9.46802097077786,-9.46802097077786,-9.46802097077786,-9.46802097077786,0.0,0.0,0.0,284.3521010155974
2025-04-24 20:21:30,293.8203661827534,282.89135379743806,285.7266308887658,293.8203661827534,293.8203661827534,-9.443151516152696,-9.443151516152696,-9.443151516152696,-9.443151516152696,-9.443151516152696,-9.443151516152696,0.0,0.0,0.0,284.3772146666007
2025-04-24 20:22:30,293.8206103791315,283.0107993933821,285.7174118790049,293.8206103791315,293.8206103791315,-9.417456081724962,-9.417456081724962,-9.417456081724962,-9.417456081724962,-9.417456081724962,-9.417456081724962,0.0,0.0,0.0,284.40315429740656
2025-04-24 20:23:30,293.8208545755096,283.145781743787,285.8721973953613,293.8208545755096,293.8208545755096,-9.390921027084605,-9.390921027084605,-9.390921027084605,-9.390921027084605,-9.390921027084605,-9.390921027084605,0.0,0.0,0.0,284.42993354842497
2025-04-24 20:24:30,293.82109877188765,283.12064063546745,285.88493563012935,293.82109877188765,293.82109877188765,-9.363532713492058,-9.363532713492058,-9.363532713492058,-9.363532713492058,-9.363532713492058,-9.363532713492058,0.0,0.0,0.0,284.45756605839557
2025-04-24 20:25:30,293.82134296826575,283.05975541899136,285.91046896552285,293.82134296826575,293.82134296826575,-9.335277507529707,-9.335277507529707,-9.335277507529707,-9.335277507529707,-9.335277507529707,-9.335277507529707,0.0,0.0,0.0,284.48606546073603
2025-04-24 20:26:30,293.82158716464386,283.0480252002288,285.89315299732556,293.82158716464386,293.8216087976597,-9.306141784490285,-9.306141784490285,-9.306141784490285,-9.306141784490285,-9.306141784490285,-9.306141784490285,0.0,0.0,0.0,284.51544538015355
2025-04-24 20:27:30,293.82183136102196,283.2568112454938,285.9670015520846,293.82183136102196,293.82189508926876,-9.276111935494479,-9.276111935494479,-9.276111935494479,-9.276111935494479,-9.276111935494479,-9.276111935494479,0.0,0.0,0.0,284.54571942552747
2025-04-24 20:28:30,293.8220755574,283.17403494274515,286.00370196926536,293.8220466421437,293.82215772901384,-9.245174369147874,-9.245174369147874,-9.245174369147874,-9.245174369147874,-9.245174369147874,-9.245174369147874,0.0,0.0,0.0,284.5769011882521
2025-04-24 20:29:30,293.8223197537782,283.17082196370023,285.97514025076595,293.82227530855187,293.822447650454,-9.213315519033614,-9.213315519033614,-9.213315519033614,-9.213315519033614,-9.213315519033614,-9.213315519033614,0.0,0.0,0.0,284.6090042347446
2025-04-24 20:30:30,293.8225639501563,283.11780433118787,286.0447224041974,293.822466745495,293.822767629037,-9.180521845560465,-9.180521845560465,-9.180521845560465,-9.180521845560465,-9.180521845560465,-9.180521845560465,0.0,0.0,0.0,284.6420421045958
2025-04-24 20:31:30,293.8228081465344,283.2924681967133,285.8912492709028,293.8226138287756,293.82302952717856,-9.146779842994443,-9.146779842994443,-9.146779842994443,-9.146779842994443,-9.146779842994443,-9.146779842994443,0.0,0.0,0.0,284.67602830353997
2025-04-24 20:32:30,293.82305234291243,283.3247296807193,286.0328499680994,293.8228125493478,293.8233222292636,-9.112076043300329,-9.112076043300329,-9.112076043300329,-9.112076043300329,-9.112076043300329,-9.112076043300329,0.0,0.0,0.0,284.7109762996121
2025-04-24 20:33:30,293.82329653929054,283.3727182245303,286.1610149877759,293.8230450484789,293.8236165058015,-9.076397020182027,-9.076397020182027,-9.076397020182027,-9.076397020182027,-9.076397020182027,-9.076397020182027,0.0,0.0,0.0,284.7468995191085
2025-04-24 20:34:30,293.82354073566864,283.3886472763128,286.0882753337132,293.8232609283564,293.823929946314,-9.03972939408473,-9.03972939408473,-9.03972939408473,-9.03972939408473,-9.03972939408473,-9.03972939408473,0.0,0.0,0.0,284.78381134158394
2025-04-24 20:35:30,293.82378493204675,283.3648292351095,286.0966282933504,293.82346875932785,293.8242717723444,-9.002059839650167,-9.002059839650167,-9.002059839650167,-9.002059839650167,-9.002059839650167,-9.002059839650167,0.0,0.0,0.0,284.8217250923966
2025-04-24 20:36:30,293.8240291284248,283.4385514150792,286.2386504828287,293.8235377829456,293.82460796185546,-8.963375085829082,-8.963375085829082,-8.963375085829082,-8.963375085829082,-8.963375085829082,-8.963375085829082,0.0,0.0,0.0,284.86065404259574
2025-04-24 20:37:30,293.82427332480296,283.5708992814486,286.21775745555715,293.82366670660105,293.8248996983038,-8.923661925428751,-8.923661925428751,-8.923661925428751,-8.923661925428751,-8.923661925428751,-8.923661925428751,0.0,0.0,0.0,284.9006113993742
2025-04-24 20:38:30,293.82451752118106,283.55445691202317,286.3009377012542,293.8238667255021,293.82525838286995,-8.88290721631516,-8.88290721631516,-8.88290721631516,-8.88290721631516,-8.88290721631516,-8.88290721631516,0.0,0.0,0.0,284.9416103048659
2025-04-24 20:39:30,293.82476171755917,283.535608748862,286.3756169255747,293.8240172825862,293.825612276965,-8.841097889134387,-8.841097889134387,-8.841097889134387,-8.841097889134387,-8.841097889134387,-8.841097889134387,0.0,0.0,0.0,284.98366382842477
2025-04-24 20:40:30,293.8250059139372,283.5683149077556,286.4093620438353,293.82423152610767,293.8259329873401,-8.798220950801133,-8.798220950801133,-8.798220950801133,-8.798220950801133,-8.798220950801133,-8.798220950801133,0.0,0.0,0.0,285.0267849631361
2025-04-24 20:41:30,293.8252501103153,283.61058644416397,286.335686199133,293.82427959079337,293.82623173997905,-8.75426348957617,-8.75426348957617,-8.75426348957617,-8.75426348957617,-8.75426348957617,-8.75426348957617,0.0,0.0,0.0,285.0709866207392
2025-04-24 20:42:30,293.82549430669343,283.8069998833768,286.5621259579982,293.82445506945817,293.8265340805978,-8.709212681466983,-8.709212681466983,-8.709212681466983,-8.709212681466983,-8.709212681466983,-8.709212681466983,0.0,0.0,0.0,285.11628162522646
2025-04-24 20:43:30,293.82573850307153,283.8359120765773,286.4800973234293,293.8246431872383,293.8268498664644,-8.663055792835312,-8.663055792835312,-8.663055792835312,-8.663055792835312,-8.663055792835312,-8.663055792835312,0.0,0.0,0.0,285.1626827102362
2025-04-24 20:44:30,293.8259826994496,283.78329599857835,286.59830417582003,293.8247403609911,293.82715367807396,-8.615780187240162,-8.615780187240162,-8.615780187240162,-8.615780187240162,-8.615780187240162,-8.615780187240162,0.0,0.0,0.0,285.21020251220943
2025-04-24 20:45:30,293.82622689582774,283.84994182091407,286.685461022252,293.82493626161056,293.82745748968364,-8.567373330704395,-8.567373330704395,-8.567373330704395,-8.567373330704395,-8.567373330704395,-8.567373330704395,0.0,0.0,0.0,285.25885356512333
2025-04-24 20:46:30,293.82647109220585,284.03348369077264,286.8072372453952,293.82505646906685,293.8277667009703,-8.51782279583117,-8.51782279583117,-8.51782279583117,-8.51782279583117,-8.51782279583117,-8.51782279583117,0.0,0.0,0.0,285.30864829637466
2025-04-24 20:47:30,293.82671528858396,283.9971504498394,286.7765525133222,293.825200334801,293.8281092669009,-8.467116266845148,-8.467116266845148,-8.467116266845148,-8.467116266845148,-8.467116266845148,-8.467116266845148,0.0,0.0,0.0,285.3595990217388
2025-04-24 20:48:30,293.826959484962,283.9782499966514,286.7533171203897,293.8252764826346,293.8284515341054,-8.415241546038589,-8.415241546038589,-8.415241546038589,-8.415241546038589,-8.415241546038589,-8.415241546038589,0.0,0.0,0.0,285.4117179389234
2025-04-24 20:49:30,293.8272036813401,284.12333487100744,286.85661742994,293.82546659991607,293.8288702475135,-8.36218655746144,-8.36218655746144,-8.36218655746144,-8.36218655746144,-8.36218655746144,-8.36218655746144,0.0,0.0,0.0,285.4650171238787
2025-04-24 20:50:30,293.8274478777182,284.1287496026482,286.99042559225035,293.825406174087,293.8292113594911,-8.307939352913243,-8.307939352913243,-8.307939352913243,-8.307939352913243,-8.307939352913243,-8.307939352913243,0.0,0.0,0.0,285.51950852480496
2025-04-24 20:51:30,293.8276920740963,284.2096136142764,287.0121585817167,293.82558410256536,293.82952679199684,-8.25248811685575,-8.25248811685575,-8.25248811685575,-8.25248811685575,-8.25248811685575,-8.25248811685575,0.0,0.0,0.0,285.57520395724055
2025-04-24 20:52:30,293.82793627047437,284.259128849898,286.9959442855732,293.8257288812193,293.8300315177242,-8.195821171168395,-8.195821171168395,-8.195821171168395,-8.195821171168395,-8.195821171168395,-8.195821171168395,0.0,0.0,0.0,285.63211509930596
2025-04-24 20:53:30,293.82818046685253,284.2823663999622,287.03970084404716,293.8258747815188,293.8303634635756,-8.137926981598623,-8.137926981598623,-8.137926981598623,-8.137926981598623,-8.137926981598623,-8.137926981598623,0.0,0.0,0.0,285.6902534852539
2025-04-24 20:54:30,293.82842466323063,284.380380530627,287.11083538907496,293.8259885880977,293.83072027990454,-8.078794161461207,-8.078794161461207,-8.078794161461207,-8.078794161461207,-8.078794161461207,-8.078794161461207,0.0,0.0,0.0,285.74963050176945
2025-04-24 20:55:30,293.82866885960874,284.47061502506705,287.1788614510117,293.8259784798004,293.8310366809518,-8.018411476886556,-8.018411476886556,-8.018411476886556,-8.018411476886556,-8.018411476886556,-8.018411476886556,0.0,0.0,0.0,285.81025738272217
2025-04-24 20:56:30,293.8289130559868,284.472615243198,287.2222113609471,293.82614343257444,293.8314776203136,-7.956767854395531,-7.956767854395531,-7.956767854395531,-7.956767854395531,-7.956767854395531,-7.956767854395531,0.0,0.0,0.0,285.87214520159125
2025-04-24 20:57:30,293.8291572523649,284.5832156942627,287.33004304357445,293.82630983208793,293.8318269445912,-7.893852381817909,-7.893852381817909,-7.893852381817909,-7.893852381817909,-7.893852381817909,-7.893852381817909,0.0,0.0,0.0,285.935304870547
2025-04-24 20:58:30,293.829401448743,284.57223513365057,287.31946524781785,293.8263841563188,293.83213691548326,-7.829654318414077,-7.829654318414077,-7.829654318414077,-7.829654318414077,-7.829654318414077,-7.829654318414077,0.0,0.0,0.0,285.9997471303289
2025-04-24 20:59:30,293.8296456451211,284.6397180968338,287.47716606625755,293.8265272861021,293.8324819774667,-7.764163095399075,-7.764163095399075,-7.764163095399075,-7.764163095399075,-7.764163095399075,-7.764163095399075,0.0,0.0,0.0,286.06548254972205
