,CLOSE_PRICE,PREDICTED_PRICE
2025-04-25 16:00:00,,208.56438
2025-04-25 16:01:00,,208.56393
2025-04-25 16:02:00,,208.52084
2025-04-25 16:03:00,,208.4481
2025-04-25 16:04:00,,208.35463
2025-04-25 16:05:00,,208.24648
2025-04-25 16:06:00,,208.1279
2025-04-25 16:07:00,,208.00172
2025-04-25 16:08:00,,207.86996
2025-04-25 16:09:00,,207.73407
2025-04-25 16:10:00,,207.59511
2025-04-25 16:11:00,,207.45384
2025-04-25 16:12:00,,207.31096
2025-04-25 16:13:00,,207.16692
2025-04-25 16:14:00,,207.02219
2025-04-25 16:15:00,,206.8771
2025-04-25 16:16:00,,206.73201
2025-04-25 16:17:00,,206.58716
2025-04-25 16:18:00,,206.44283
2025-04-25 16:19:00,,206.29921
2025-04-25 16:20:00,,206.15651
2025-04-25 16:21:00,,206.01488
2025-04-25 16:22:00,,205.8745
2025-04-25 16:23:00,,205.73546
2025-04-25 16:24:00,,205.59787
2025-04-25 16:25:00,,205.46185
2025-04-25 16:26:00,,205.32748
2025-04-25 16:27:00,,205.1948
2025-04-25 16:28:00,,205.06387
2025-04-25 16:29:00,,204.93475
2025-04-25 16:30:00,,204.80748
2025-04-25 16:31:00,,204.68204
2025-04-25 16:32:00,,204.55847
2025-04-25 16:33:00,,204.4368
2025-04-25 16:34:00,,204.31702
2025-04-25 16:35:00,,204.1991
2025-04-25 16:36:00,,204.08304
2025-04-25 16:37:00,,203.96889
2025-04-25 16:38:00,,203.85655
2025-04-25 16:39:00,,203.74603
2025-04-25 16:40:00,,203.63736
2025-04-25 16:41:00,,203.53044
2025-04-25 16:42:00,,203.42531
2025-04-25 16:43:00,,203.3219
2025-04-25 16:44:00,,203.22021
2025-04-25 16:45:00,,203.1202
2025-04-25 16:46:00,,203.02182
2025-04-25 16:47:00,,202.92506
2025-04-25 16:48:00,,202.82991
2025-04-25 16:49:00,,202.73631
2025-04-25 16:50:00,,202.64426
2025-04-25 16:51:00,,202.5537
2025-04-25 16:52:00,,202.46461
2025-04-25 16:53:00,,202.37697
2025-04-25 16:54:00,,202.29073
2025-04-25 16:55:00,,202.20587
2025-04-25 16:56:00,,202.12236
2025-04-25 16:57:00,,202.04019
2025-04-25 16:58:00,,201.9593
2025-04-25 16:59:00,,201.87968
2025-04-25 17:00:00,,201.8013
2025-04-25 17:01:00,,201.72415
2025-04-25 17:02:00,,201.64816
2025-04-25 17:03:00,,201.57335
2025-04-25 17:04:00,,201.49968
2025-04-25 17:05:00,,201.42711
2025-04-25 17:06:00,,201.35564
2025-04-25 17:07:00,,201.28525
2025-04-25 17:08:00,,201.21587
2025-04-25 17:09:00,,201.14754
2025-04-25 17:10:00,,201.0802
2025-04-25 17:11:00,,201.01384
2025-04-25 17:12:00,,200.94843
2025-04-25 17:13:00,,200.88399
2025-04-25 17:14:00,,200.82043
2025-04-25 17:15:00,,200.75781
2025-04-25 17:16:00,,200.69604
2025-04-25 17:17:00,,200.63518
2025-04-25 17:18:00,,200.57513
2025-04-25 17:19:00,,200.51593
2025-04-25 17:20:00,,200.45755
2025-04-25 17:21:00,,200.39996
2025-04-25 17:22:00,,200.34314
2025-04-25 17:23:00,,200.28711
2025-04-25 17:24:00,,200.23183
2025-04-25 17:25:00,,200.17729
2025-04-25 17:26:00,,200.12349
2025-04-25 17:27:00,,200.07039
2025-04-25 17:28:00,,200.01799
2025-04-25 17:29:00,,199.96628
2025-04-25 17:30:00,,199.91522
2025-04-25 17:31:00,,199.86487
2025-04-25 17:32:00,,199.81512
2025-04-25 17:33:00,,199.76605
2025-04-25 17:34:00,,199.71758
2025-04-25 17:35:00,,199.66972
2025-04-25 17:36:00,,199.6225
2025-04-25 17:37:00,,199.57585
2025-04-25 17:38:00,,199.52979
2025-04-25 17:39:00,,199.4843
2025-04-25 17:40:00,,199.43936
2025-04-25 17:41:00,,199.395
2025-04-25 17:42:00,,199.3512
2025-04-25 17:43:00,,199.30789
2025-04-25 17:44:00,,199.26514
2025-04-25 17:45:00,,199.2229
2025-04-25 17:46:00,,199.18118
2025-04-25 17:47:00,,199.13994
2025-04-25 17:48:00,,199.09921
2025-04-25 17:49:00,,199.05898
2025-04-25 17:50:00,,199.01921
2025-04-25 17:51:00,,198.97992
2025-04-25 17:52:00,,198.94109
2025-04-25 17:53:00,,198.90271
2025-04-25 17:54:00,,198.86478
2025-04-25 17:55:00,,198.8273
2025-04-25 17:56:00,,198.79025
2025-04-25 17:57:00,,198.75363
2025-04-25 17:58:00,,198.71742
2025-04-25 17:59:00,,198.68166
2025-04-25 18:00:00,,198.64627
2025-04-25 18:01:00,,198.6113
2025-04-25 18:02:00,,198.57674
2025-04-25 18:03:00,,198.54256
2025-04-25 18:04:00,,198.50877
2025-04-25 18:05:00,,198.47534
2025-04-25 18:06:00,,198.4423
2025-04-25 18:07:00,,198.40964
2025-04-25 18:08:00,,198.37733
2025-04-25 18:09:00,,198.34538
2025-04-25 18:10:00,,198.3138
2025-04-25 18:11:00,,198.28255
2025-04-25 18:12:00,,198.25166
2025-04-25 18:13:00,,198.22108
2025-04-25 18:14:00,,198.19087
2025-04-25 18:15:00,,198.16098
2025-04-25 18:16:00,,198.1314
2025-04-25 18:17:00,,198.10216
2025-04-25 18:18:00,,198.07321
2025-04-25 18:19:00,,198.0446
2025-04-25 18:20:00,,198.01628
2025-04-25 18:21:00,,197.98827
2025-04-25 18:22:00,,197.96054
2025-04-25 18:23:00,,197.93314
2025-04-25 18:24:00,,197.906
2025-04-25 18:25:00,,197.87917
2025-04-25 18:26:00,,197.85263
2025-04-25 18:27:00,,197.82634
2025-04-25 18:28:00,,197.80034
2025-04-25 18:29:00,,197.77463
2025-04-25 18:30:00,,197.74916
2025-04-25 18:31:00,,197.72397
2025-04-25 18:32:00,,197.69905
2025-04-25 18:33:00,,197.67438
2025-04-25 18:34:00,,197.64996
2025-04-25 18:35:00,,197.62581
2025-04-25 18:36:00,,197.60191
2025-04-25 18:37:00,,197.57825
2025-04-25 18:38:00,,197.55482
2025-04-25 18:39:00,,197.53165
2025-04-25 18:40:00,,197.5087
2025-04-25 18:41:00,,197.486
2025-04-25 18:42:00,,197.4635
2025-04-25 18:43:00,,197.44127
2025-04-25 18:44:00,,197.41925
2025-04-25 18:45:00,,197.39745
2025-04-25 18:46:00,,197.37585
2025-04-25 18:47:00,,197.3545
2025-04-25 18:48:00,,197.33336
2025-04-25 18:49:00,,197.31241
2025-04-25 18:50:00,,197.2917
2025-04-25 18:51:00,,197.27118
2025-04-25 18:52:00,,197.25087
2025-04-25 18:53:00,,197.23076
2025-04-25 18:54:00,,197.21085
2025-04-25 18:55:00,,197.19113
2025-04-25 18:56:00,,197.17162
2025-04-25 18:57:00,,197.15228
2025-04-25 18:58:00,,197.13315
2025-04-25 18:59:00,,197.11421
2025-04-25 19:00:00,,197.09544
2025-04-25 19:01:00,,197.07689
2025-04-25 19:02:00,,197.05847
2025-04-25 19:03:00,,197.04027
2025-04-25 19:04:00,,197.02223
2025-04-25 19:05:00,,197.00438
2025-04-25 19:06:00,,196.98668
2025-04-25 19:07:00,,196.96918
2025-04-25 19:08:00,,196.95183
2025-04-25 19:09:00,,196.93466
2025-04-25 19:10:00,,196.91763
2025-04-25 19:11:00,,196.90079
2025-04-25 19:12:00,,196.88411
2025-04-25 19:13:00,,196.8676
2025-04-25 19:14:00,,196.85123
2025-04-25 19:15:00,,196.83502
2025-04-25 19:16:00,,196.81897
2025-04-25 19:17:00,,196.80307
2025-04-25 19:18:00,,196.78732
2025-04-25 19:19:00,,196.77174
2025-04-25 19:20:00,,196.75629
2025-04-25 19:21:00,,196.74097
2025-04-25 19:22:00,,196.72583
2025-04-25 19:23:00,,196.71082
2025-04-25 19:24:00,,196.69594
2025-04-25 19:25:00,,196.68121
2025-04-25 19:26:00,,196.66663
2025-04-25 19:27:00,,196.65216
2025-04-25 19:28:00,,196.63785
2025-04-25 19:29:00,,196.62369
2025-04-25 19:30:00,,196.60965
2025-04-25 19:31:00,,196.59573
2025-04-25 19:32:00,,196.58194
2025-04-25 19:33:00,,196.56828
2025-04-25 19:34:00,,196.55475
2025-04-25 19:35:00,,196.54134
2025-04-25 19:36:00,,196.52808
2025-04-25 19:37:00,,196.51492
2025-04-25 19:38:00,,196.50188
2025-04-25 19:39:00,,196.48897
2025-04-25 19:40:00,,196.47618
2025-04-25 19:41:00,,196.46352
2025-04-25 19:42:00,,196.45097
2025-04-25 19:43:00,,196.43854
2025-04-25 19:44:00,,196.42621
2025-04-25 19:45:00,,196.414
2025-04-25 19:46:00,,196.4019
2025-04-25 19:47:00,,196.38991
2025-04-25 19:48:00,,196.37804
2025-04-25 19:49:00,,196.36627
2025-04-25 19:50:00,,196.3546
2025-04-25 19:51:00,,196.34305
2025-04-25 19:52:00,,196.3316
2025-04-25 19:53:00,,196.32027
2025-04-25 19:54:00,,196.30904
2025-04-25 19:55:00,,196.29791
2025-04-25 19:56:00,,196.28687
2025-04-25 19:57:00,,196.27596
2025-04-25 19:58:00,,196.26512
2025-04-25 19:59:00,,196.25438
2025-04-25 20:00:00,,196.24373
2025-04-25 20:01:00,,196.2332
2025-04-25 20:02:00,,196.22276
2025-04-25 20:03:00,,196.21242
2025-04-25 20:04:00,,196.20216
2025-04-25 20:05:00,,196.192
2025-04-25 20:06:00,,196.18193
2025-04-25 20:07:00,,196.17194
2025-04-25 20:08:00,,196.16206
2025-04-25 20:09:00,,196.15224
2025-04-25 20:10:00,,196.14253
2025-04-25 20:11:00,,196.13292
2025-04-25 20:12:00,,196.12338
2025-04-25 20:13:00,,196.11392
2025-04-25 20:14:00,,196.10457
2025-04-25 20:15:00,,196.09528
2025-04-25 20:16:00,,196.08607
2025-04-25 20:17:00,,196.07695
2025-04-25 20:18:00,,196.06792
2025-04-25 20:19:00,,196.05896
2025-04-25 20:20:00,,196.0501
2025-04-25 20:21:00,,196.04129
2025-04-25 20:22:00,,196.03256
2025-04-25 20:23:00,,196.02393
2025-04-25 20:24:00,,196.01538
2025-04-25 20:25:00,,196.0069
2025-04-25 20:26:00,,195.99846
2025-04-25 20:27:00,,195.99013
2025-04-25 20:28:00,,195.98187
2025-04-25 20:29:00,,195.97368
2025-04-25 20:30:00,,195.96558
2025-04-25 20:31:00,,195.95752
2025-04-25 20:32:00,,195.94954
2025-04-25 20:33:00,,195.94165
2025-04-25 20:34:00,,195.9338
2025-04-25 20:35:00,,195.92604
2025-04-25 20:36:00,,195.91837
2025-04-25 20:37:00,,195.91072
2025-04-25 20:38:00,,195.90315
2025-04-25 20:39:00,,195.89566
2025-04-25 20:40:00,,195.88824
2025-04-25 20:41:00,,195.88087
2025-04-25 20:42:00,,195.87358
2025-04-25 20:43:00,,195.86635
2025-04-25 20:44:00,,195.85918
2025-04-25 20:45:00,,195.85207
2025-04-25 20:46:00,,195.84503
2025-04-25 20:47:00,,195.83804
2025-04-25 20:48:00,,195.83112
2025-04-25 20:49:00,,195.82425
2025-04-25 20:50:00,,195.81746
2025-04-25 20:51:00,,195.81071
2025-04-25 20:52:00,,195.80405
2025-04-25 20:53:00,,195.79741
2025-04-25 20:54:00,,195.79085
2025-04-25 20:55:00,,195.78435
2025-04-25 20:56:00,,195.77788
2025-04-25 20:57:00,,195.77148
2025-04-25 20:58:00,,195.76515
2025-04-25 20:59:00,,195.75887
2025-04-25 21:00:00,,195.75262
2025-04-25 21:01:00,,195.74646
2025-04-25 21:02:00,,195.74034
2025-04-25 21:03:00,,195.73427
2025-04-25 21:04:00,,195.72824
2025-04-25 21:05:00,,195.72229
2025-04-25 21:06:00,,195.71638
2025-04-25 21:07:00,,195.71051
2025-04-25 21:08:00,,195.7047
2025-04-25 21:09:00,,195.69894
2025-04-25 21:10:00,,195.69324
2025-04-25 21:11:00,,195.68758
2025-04-25 21:12:00,,195.68196
2025-04-25 21:13:00,,195.67639
2025-04-25 21:14:00,,195.67088
2025-04-25 21:15:00,,195.6654
2025-04-25 21:16:00,,195.65999
2025-04-25 21:17:00,,195.65462
2025-04-25 21:18:00,,195.64929
2025-04-25 21:19:00,,195.64401
2025-04-25 21:20:00,,195.63878
2025-04-25 21:21:00,,195.63359
2025-04-25 21:22:00,,195.62843
2025-04-25 21:23:00,,195.62332
2025-04-25 21:24:00,,195.61829
2025-04-25 21:25:00,,195.61325
2025-04-25 21:26:00,,195.60829
2025-04-25 21:27:00,,195.60338
2025-04-25 21:28:00,,195.59848
2025-04-25 21:29:00,,195.59364
2025-04-25 21:30:00,,195.58882
2025-04-25 21:31:00,,195.58408
2025-04-25 21:32:00,,195.57935
2025-04-25 21:33:00,,195.57468
2025-04-25 21:34:00,,195.57004
2025-04-25 21:35:00,,195.56543
2025-04-25 21:36:00,,195.56087
2025-04-25 21:37:00,,195.55635
2025-04-25 21:38:00,,195.55185
2025-04-25 21:39:00,,195.54742
2025-04-25 21:40:00,,195.54301
2025-04-25 21:41:00,,195.53864
2025-04-25 21:42:00,,195.53432
2025-04-25 21:43:00,,195.53003
2025-04-25 21:44:00,,195.52576
2025-04-25 21:45:00,,195.52153
2025-04-25 21:46:00,,195.51735
2025-04-25 21:47:00,,195.5132
2025-04-25 21:48:00,,195.50908
2025-04-25 21:49:00,,195.505
2025-04-25 21:50:00,,195.50098
2025-04-25 21:51:00,,195.49696
2025-04-25 21:52:00,,195.49297
2025-04-25 21:53:00,,195.48904
2025-04-25 21:54:00,,195.4851
2025-04-25 21:55:00,,195.48125
2025-04-25 21:56:00,,195.4774
2025-04-25 21:57:00,,195.47359
2025-04-25 21:58:00,,195.4698
2025-04-25 21:59:00,,195.46606
2025-04-25 22:00:00,,195.46236
2025-04-25 22:01:00,,195.45868
2025-04-25 22:02:00,,195.45503
2025-04-25 22:03:00,,195.4514
2025-04-25 22:04:00,,195.4478
2025-04-25 22:05:00,,195.44426
2025-04-25 22:06:00,,195.44073
2025-04-25 22:07:00,,195.43723
2025-04-25 22:08:00,,195.43376
2025-04-25 22:09:00,,195.43033
2025-04-25 22:10:00,,195.4269
2025-04-25 22:11:00,,195.42352
2025-04-25 22:12:00,,195.42017
2025-04-25 22:13:00,,195.41685
2025-04-25 22:14:00,,195.41356
2025-04-25 22:15:00,,195.41028
2025-04-25 22:16:00,,195.40703
2025-04-25 22:17:00,,195.40382
2025-04-25 22:18:00,,195.40063
2025-04-25 22:19:00,,195.39746
2025-04-25 22:20:00,,195.39435
2025-04-25 22:21:00,,195.39124
2025-04-25 22:22:00,,195.38815
2025-04-25 22:23:00,,195.3851
2025-04-25 22:24:00,,195.38208
2025-04-25 22:25:00,,195.37907
2025-04-25 22:26:00,,195.3761
2025-04-25 22:27:00,,195.37314
2025-04-25 22:28:00,,195.37021
2025-04-25 22:29:00,,195.36731
2025-04-25 22:30:00,,195.36443
2025-04-25 22:31:00,,195.36157
2025-04-25 22:32:00,,195.35875
2025-04-25 22:33:00,,195.35594
2025-04-25 22:34:00,,195.35315
2025-04-25 22:35:00,,195.35039
2025-04-25 22:36:00,,195.34766
2025-04-25 22:37:00,,195.34494
2025-04-25 22:38:00,,195.34225
2025-04-25 22:39:00,,195.33957
2025-04-25 22:40:00,,195.33693
2025-04-25 22:41:00,,195.33432
2025-04-25 22:42:00,,195.33171
2025-04-25 22:43:00,,195.32912
2025-04-25 22:44:00,,195.32657
2025-04-25 22:45:00,,195.32404
2025-04-25 22:46:00,,195.32152
2025-04-25 22:47:00,,195.31903
2025-04-25 22:48:00,,195.31656
2025-04-25 22:49:00,,195.3141
2025-04-25 22:50:00,,195.31166
2025-04-25 22:51:00,,195.30925
2025-04-25 22:52:00,,195.30687
2025-04-25 22:53:00,,195.3045
2025-04-25 22:54:00,,195.30214
2025-04-25 22:55:00,,195.29982
2025-04-25 22:56:00,,195.29749
2025-04-25 22:57:00,,195.29521
2025-04-25 22:58:00,,195.29292
2025-04-25 22:59:00,,195.29066
2025-04-25 23:00:00,,195.28844
2025-04-25 23:01:00,,195.28621
2025-04-25 23:02:00,,195.28403
2025-04-25 23:03:00,,195.28185
2025-04-25 23:04:00,,195.2797
2025-04-25 23:05:00,,195.27754
2025-04-25 23:06:00,,195.2754
2025-04-25 23:07:00,,195.2733
2025-04-25 23:08:00,,195.27121
2025-04-25 23:09:00,,195.26913
2025-04-25 23:10:00,,195.26709
2025-04-25 23:11:00,,195.26505
2025-04-25 23:12:00,,195.26303
2025-04-25 23:13:00,,195.26103
2025-04-25 23:14:00,,195.25902
2025-04-25 23:15:00,,195.25705
2025-04-25 23:16:00,,195.25511
2025-04-25 23:17:00,,195.25317
2025-04-25 23:18:00,,195.25125
2025-04-25 23:19:00,,195.24933
2025-04-25 23:20:00,,195.24745
2025-04-25 23:21:00,,195.24557
2025-04-25 23:22:00,,195.24371
2025-04-25 23:23:00,,195.24188
2025-04-25 23:24:00,,195.24004
2025-04-25 23:25:00,,195.23822
2025-04-25 23:26:00,,195.23643
2025-04-25 23:27:00,,195.23465
2025-04-25 23:28:00,,195.23288
2025-04-25 23:29:00,,195.23112
2025-04-25 23:30:00,,195.22937
2025-04-25 23:31:00,,195.22766
2025-04-25 23:32:00,,195.22595
2025-04-25 23:33:00,,195.22424
2025-04-25 23:34:00,,195.22258
2025-04-25 23:35:00,,195.22092
2025-04-25 23:36:00,,195.21924
2025-04-25 23:37:00,,195.21762
2025-04-25 23:38:00,,195.21599
2025-04-25 23:39:00,,195.21437
2025-04-25 23:40:00,,195.21278
2025-04-25 23:41:00,,195.21118
2025-04-25 23:42:00,,195.20961
2025-04-25 23:43:00,,195.20805
2025-04-25 23:44:00,,195.20651
2025-04-25 23:45:00,,195.20497
2025-04-25 23:46:00,,195.20345
2025-04-25 23:47:00,,195.20195
2025-04-25 23:48:00,,195.20045
2025-04-25 23:49:00,,195.19894
2025-04-25 23:50:00,,195.1975
2025-04-25 23:51:00,,195.19603
2025-04-25 23:52:00,,195.19458
2025-04-25 23:53:00,,195.19315
2025-04-25 23:54:00,,195.19173
2025-04-25 23:55:00,,195.1903
2025-04-25 23:56:00,,195.18892
2025-04-25 23:57:00,,195.18753
2025-04-25 23:58:00,,195.18616
2025-04-25 23:59:00,,195.18478
2025-04-26 00:00:00,,195.18343
2025-04-26 00:01:00,,195.18208
2025-04-26 00:02:00,,195.18076
2025-04-26 00:03:00,,195.17944
2025-04-26 00:04:00,,195.17813
2025-04-26 00:05:00,,195.17682
2025-04-26 00:06:00,,195.17554
2025-04-26 00:07:00,,195.17427
2025-04-26 00:08:00,,195.173
2025-04-26 00:09:00,,195.17174
2025-04-26 00:10:00,,195.17049
2025-04-26 00:11:00,,195.16927
2025-04-26 00:12:00,,195.16805
2025-04-26 00:13:00,,195.16681
2025-04-26 00:14:00,,195.1656
2025-04-26 00:15:00,,195.16441
2025-04-26 00:16:00,,195.16322
2025-04-26 00:17:00,,195.16206
2025-04-26 00:18:00,,195.16089
2025-04-26 00:19:00,,195.15974
2025-04-26 00:20:00,,195.15858
2025-04-26 00:21:00,,195.15746
2025-04-26 00:22:00,,195.15633
2025-04-26 00:23:00,,195.1552
2025-04-26 00:24:00,,195.1541
2025-04-26 00:25:00,,195.153
2025-04-26 00:26:00,,195.1519
2025-04-26 00:27:00,,195.15083
2025-04-26 00:28:00,,195.14975
2025-04-26 00:29:00,,195.1487
2025-04-26 00:30:00,,195.14764
2025-04-26 00:31:00,,195.14659
2025-04-26 00:32:00,,195.14555
2025-04-26 00:33:00,,195.14452
2025-04-26 00:34:00,,195.14351
2025-04-26 00:35:00,,195.14249
2025-04-26 00:36:00,,195.14148
2025-04-26 00:37:00,,195.14049
2025-04-26 00:38:00,,195.1395
2025-04-26 00:39:00,,195.13852
2025-04-26 00:40:00,,195.13754
2025-04-26 00:41:00,,195.13658
2025-04-26 00:42:00,,195.13564
2025-04-26 00:43:00,,195.13467
2025-04-26 00:44:00,,195.13374
2025-04-26 00:45:00,,195.13283
2025-04-26 00:46:00,,195.1319
2025-04-26 00:47:00,,195.13098
2025-04-26 00:48:00,,195.13008
2025-04-26 00:49:00,,195.12917
2025-04-26 00:50:00,,195.12828
2025-04-26 00:51:00,,195.1274
2025-04-26 00:52:00,,195.12651
2025-04-26 00:53:00,,195.12564
2025-04-26 00:54:00,,195.12477
2025-04-26 00:55:00,,195.12392
2025-04-26 00:56:00,,195.12306
2025-04-26 00:57:00,,195.12222
2025-04-26 00:58:00,,195.12138
2025-04-26 00:59:00,,195.12056
2025-04-26 01:00:00,,195.11974
2025-04-26 01:01:00,,195.11893
2025-04-26 01:02:00,,195.1181
2025-04-26 01:03:00,,195.1173
2025-04-26 01:04:00,,195.1165
2025-04-26 01:05:00,,195.11572
2025-04-26 01:06:00,,195.11493
2025-04-26 01:07:00,,195.11415
2025-04-26 01:08:00,,195.11339
2025-04-26 01:09:00,,195.11264
2025-04-26 01:10:00,,195.11188
2025-04-26 01:11:00,,195.11111
2025-04-26 01:12:00,,195.11038
2025-04-26 01:13:00,,195.10963
2025-04-26 01:14:00,,195.1089
2025-04-26 01:15:00,,195.10818
2025-04-26 01:16:00,,195.10747
2025-04-26 01:17:00,,195.10675
2025-04-26 01:18:00,,195.10603
2025-04-26 01:19:00,,195.10533
2025-04-26 01:20:00,,195.10463
2025-04-26 01:21:00,,195.10394
2025-04-26 01:22:00,,195.10326
2025-04-26 01:23:00,,195.10258
2025-04-26 01:24:00,,195.10191
2025-04-26 01:25:00,,195.10123
2025-04-26 01:26:00,,195.10059
2025-04-26 01:27:00,,195.0999
2025-04-26 01:28:00,,195.09927
2025-04-26 01:29:00,,195.09862
2025-04-26 01:30:00,,195.09798
2025-04-26 01:31:00,,195.09732
2025-04-26 01:32:00,,195.0967
2025-04-26 01:33:00,,195.09608
2025-04-26 01:34:00,,195.09544
2025-04-26 01:35:00,,195.09483
2025-04-26 01:36:00,,195.09422
2025-04-26 01:37:00,,195.09363
2025-04-26 01:38:00,,195.09302
2025-04-26 01:39:00,,195.09242
2025-04-26 01:40:00,,195.09184
2025-04-26 01:41:00,,195.09125
2025-04-26 01:42:00,,195.09068
2025-04-26 01:43:00,,195.09009
2025-04-26 01:44:00,,195.08951
2025-04-26 01:45:00,,195.08896
2025-04-26 01:46:00,,195.0884
2025-04-26 01:47:00,,195.08784
2025-04-26 01:48:00,,195.08728
2025-04-26 01:49:00,,195.08673
2025-04-26 01:50:00,,195.0862
2025-04-26 01:51:00,,195.08565
2025-04-26 01:52:00,,195.08513
2025-04-26 01:53:00,,195.0846
2025-04-26 01:54:00,,195.08406
2025-04-26 01:55:00,,195.08354
2025-04-26 01:56:00,,195.08301
2025-04-26 01:57:00,,195.0825
2025-04-26 01:58:00,,195.082
2025-04-26 01:59:00,,195.0815
2025-04-26 02:00:00,,195.08098
2025-04-26 02:01:00,,195.0805
2025-04-26 02:02:00,,195.07999
2025-04-26 02:03:00,,195.07951
2025-04-26 02:04:00,,195.07903
2025-04-26 02:05:00,,195.07855
2025-04-26 02:06:00,,195.07806
2025-04-26 02:07:00,,195.0776
2025-04-26 02:08:00,,195.07715
2025-04-26 02:09:00,,195.07666
2025-04-26 02:10:00,,195.07622
2025-04-26 02:11:00,,195.07574
2025-04-26 02:12:00,,195.07529
2025-04-26 02:13:00,,195.07484
2025-04-26 02:14:00,,195.0744
2025-04-26 02:15:00,,195.07396
2025-04-26 02:16:00,,195.07352
2025-04-26 02:17:00,,195.07309
2025-04-26 02:18:00,,195.07265
2025-04-26 02:19:00,,195.07222
2025-04-26 02:20:00,,195.0718
2025-04-26 02:21:00,,195.07138
2025-04-26 02:22:00,,195.07095
2025-04-26 02:23:00,,195.07056
2025-04-26 02:24:00,,195.07013
2025-04-26 02:25:00,,195.06973
2025-04-26 02:26:00,,195.06934
2025-04-26 02:27:00,,195.06892
2025-04-26 02:28:00,,195.06853
2025-04-26 02:29:00,,195.06813
2025-04-26 02:30:00,,195.06775
2025-04-26 02:31:00,,195.06735
2025-04-26 02:32:00,,195.06697
2025-04-26 02:33:00,,195.06659
2025-04-26 02:34:00,,195.06621
2025-04-26 02:35:00,,195.06583
2025-04-26 02:36:00,,195.06546
2025-04-26 02:37:00,,195.06508
2025-04-26 02:38:00,,195.06473
2025-04-26 02:39:00,,195.06436
2025-04-26 02:40:00,,195.06401
2025-04-26 02:41:00,,195.06364
2025-04-26 02:42:00,,195.0633
2025-04-26 02:43:00,,195.06293
2025-04-26 02:44:00,,195.06259
2025-04-26 02:45:00,,195.06224
2025-04-26 02:46:00,,195.06189
2025-04-26 02:47:00,,195.06155
2025-04-26 02:48:00,,195.06122
2025-04-26 02:49:00,,195.06088
2025-04-26 02:50:00,,195.06056
2025-04-26 02:51:00,,195.06023
2025-04-26 02:52:00,,195.0599
2025-04-26 02:53:00,,195.05957
2025-04-26 02:54:00,,195.05927
2025-04-26 02:55:00,,195.05894
2025-04-26 02:56:00,,195.05862
2025-04-26 02:57:00,,195.0583
2025-04-26 02:58:00,,195.05801
2025-04-26 02:59:00,,195.0577
2025-04-26 03:00:00,,195.0574
2025-04-26 03:01:00,,195.05708
2025-04-26 03:02:00,,195.0568
2025-04-26 03:03:00,,195.05649
2025-04-26 03:04:00,,195.0562
2025-04-26 03:05:00,,195.05591
2025-04-26 03:06:00,,195.0556
2025-04-26 03:07:00,,195.05533
2025-04-26 03:08:00,,195.05504
2025-04-26 03:09:00,,195.05476
2025-04-26 03:10:00,,195.05446
2025-04-26 03:11:00,,195.05418
2025-04-26 03:12:00,,195.05391
2025-04-26 03:13:00,,195.05363
2025-04-26 03:14:00,,195.05336
2025-04-26 03:15:00,,195.05309
2025-04-26 03:16:00,,195.05284
2025-04-26 03:17:00,,195.05257
2025-04-26 03:18:00,,195.0523
2025-04-26 03:19:00,,195.05203
2025-04-26 03:20:00,,195.05179
2025-04-26 03:21:00,,195.05153
2025-04-26 03:22:00,,195.05127
2025-04-26 03:23:00,,195.05103
2025-04-26 03:24:00,,195.05077
2025-04-26 03:25:00,,195.05052
2025-04-26 03:26:00,,195.05028
2025-04-26 03:27:00,,195.05003
2025-04-26 03:28:00,,195.0498
2025-04-26 03:29:00,,195.04955
2025-04-26 03:30:00,,195.04932
2025-04-26 03:31:00,,195.04909
2025-04-26 03:32:00,,195.04884
2025-04-26 03:33:00,,195.04861
2025-04-26 03:34:00,,195.04839
2025-04-26 03:35:00,,195.04816
2025-04-26 03:36:00,,195.04791
2025-04-26 03:37:00,,195.04768
2025-04-26 03:38:00,,195.04747
2025-04-26 03:39:00,,195.04724
2025-04-26 03:40:00,,195.04703
2025-04-26 03:41:00,,195.04683
2025-04-26 03:42:00,,195.04659
2025-04-26 03:43:00,,195.04637
2025-04-26 03:44:00,,195.04617
2025-04-26 03:45:00,,195.04596
2025-04-26 03:46:00,,195.04575
2025-04-26 03:47:00,,195.04553
2025-04-26 03:48:00,,195.04535
2025-04-26 03:49:00,,195.04514
2025-04-26 03:50:00,,195.04492
2025-04-26 03:51:00,,195.04474
2025-04-26 03:52:00,,195.04453
2025-04-26 03:53:00,,195.04433
2025-04-26 03:54:00,,195.04414
2025-04-26 03:55:00,,195.04395
2025-04-26 03:56:00,,195.04376
2025-04-26 03:57:00,,195.04356
2025-04-26 03:58:00,,195.04338
2025-04-26 03:59:00,,195.04318
2025-04-26 04:00:00,,195.043
2025-04-26 04:01:00,,195.04282
2025-04-26 04:02:00,,195.04262
2025-04-26 04:03:00,,195.04245
2025-04-26 04:04:00,,195.04227
2025-04-26 04:05:00,,195.0421
2025-04-26 04:06:00,,195.0419
2025-04-26 04:07:00,,195.04173
2025-04-26 04:08:00,,195.04156
2025-04-26 04:09:00,,195.0414
2025-04-26 04:10:00,,195.04123
2025-04-26 04:11:00,,195.04103
2025-04-26 04:12:00,,195.0409
2025-04-26 04:13:00,,195.04073
2025-04-26 04:14:00,,195.04056
2025-04-26 04:15:00,,195.04037
2025-04-26 04:16:00,,195.0402
2025-04-26 04:17:00,,195.04007
2025-04-26 04:18:00,,195.0399
2025-04-26 04:19:00,,195.03973
2025-04-26 04:20:00,,195.03958
2025-04-26 04:21:00,,195.03941
2025-04-26 04:22:00,,195.03926
2025-04-26 04:23:00,,195.03911
2025-04-26 04:24:00,,195.03897
2025-04-26 04:25:00,,195.0388
2025-04-26 04:26:00,,195.03865
2025-04-26 04:27:00,,195.0385
2025-04-26 04:28:00,,195.03836
2025-04-26 04:29:00,,195.03821
2025-04-26 04:30:00,,195.03806
2025-04-26 04:31:00,,195.03793
2025-04-26 04:32:00,,195.03778
2025-04-26 04:33:00,,195.03764
2025-04-26 04:34:00,,195.03749
2025-04-26 04:35:00,,195.03737
2025-04-26 04:36:00,,195.03722
2025-04-26 04:37:00,,195.0371
2025-04-26 04:38:00,,195.03694
2025-04-26 04:39:00,,195.03682
2025-04-26 04:40:00,,195.03668
2025-04-26 04:41:00,,195.03654
2025-04-26 04:42:00,,195.0364
2025-04-26 04:43:00,,195.03629
2025-04-26 04:44:00,,195.03616
2025-04-26 04:45:00,,195.03603
2025-04-26 04:46:00,,195.0359
2025-04-26 04:47:00,,195.03578
2025-04-26 04:48:00,,195.03564
2025-04-26 04:49:00,,195.03552
2025-04-26 04:50:00,,195.0354
2025-04-26 04:51:00,,195.03528
2025-04-26 04:52:00,,195.03514
2025-04-26 04:53:00,,195.03503
2025-04-26 04:54:00,,195.03491
2025-04-26 04:55:00,,195.03479
2025-04-26 04:56:00,,195.03468
2025-04-26 04:57:00,,195.03456
2025-04-26 04:58:00,,195.03445
2025-04-26 04:59:00,,195.03432
2025-04-26 05:00:00,,195.03421
2025-04-26 05:01:00,,195.0341
2025-04-26 05:02:00,,195.03398
2025-04-26 05:03:00,,195.03387
2025-04-26 05:04:00,,195.03377
2025-04-26 05:05:00,,195.03366
2025-04-26 05:06:00,,195.03357
2025-04-26 05:07:00,,195.03346
2025-04-26 05:08:00,,195.03333
2025-04-26 05:09:00,,195.03325
2025-04-26 05:10:00,,195.03314
2025-04-26 05:11:00,,195.03304
2025-04-26 05:12:00,,195.03293
2025-04-26 05:13:00,,195.03282
2025-04-26 05:14:00,,195.03271
2025-04-26 05:15:00,,195.03261
2025-04-26 05:16:00,,195.03253
2025-04-26 05:17:00,,195.03242
2025-04-26 05:18:00,,195.03232
2025-04-26 05:19:00,,195.03223
2025-04-26 05:20:00,,195.03212
2025-04-26 05:21:00,,195.03204
2025-04-26 05:22:00,,195.03194
2025-04-26 05:23:00,,195.03185
2025-04-26 05:24:00,,195.03175
2025-04-26 05:25:00,,195.03166
2025-04-26 05:26:00,,195.03156
2025-04-26 05:27:00,,195.03148
2025-04-26 05:28:00,,195.03139
2025-04-26 05:29:00,,195.0313
2025-04-26 05:30:00,,195.0312
2025-04-26 05:31:00,,195.03111
2025-04-26 05:32:00,,195.03102
2025-04-26 05:33:00,,195.03094
2025-04-26 05:34:00,,195.03085
2025-04-26 05:35:00,,195.03078
2025-04-26 05:36:00,,195.03069
2025-04-26 05:37:00,,195.03061
2025-04-26 05:38:00,,195.03052
2025-04-26 05:39:00,,195.03044
2025-04-26 05:40:00,,195.03035
2025-04-26 05:41:00,,195.03027
2025-04-26 05:42:00,,195.0302
2025-04-26 05:43:00,,195.03012
2025-04-26 05:44:00,,195.03003
2025-04-26 05:45:00,,195.02995
2025-04-26 05:46:00,,195.02989
2025-04-26 05:47:00,,195.0298
2025-04-26 05:48:00,,195.02972
2025-04-26 05:49:00,,195.02966
2025-04-26 05:50:00,,195.02957
2025-04-26 05:51:00,,195.02951
2025-04-26 05:52:00,,195.02942
2025-04-26 05:53:00,,195.02936
2025-04-26 05:54:00,,195.02928
2025-04-26 05:55:00,,195.0292
2025-04-26 05:56:00,,195.02913
2025-04-26 05:57:00,,195.02907
2025-04-26 05:58:00,,195.029
2025-04-26 05:59:00,,195.02892
2025-04-26 06:00:00,,195.02885
2025-04-26 06:01:00,,195.0288
2025-04-26 06:02:00,,195.02873
2025-04-26 06:03:00,,195.02864
2025-04-26 06:04:00,,195.02858
2025-04-26 06:05:00,,195.02852
2025-04-26 06:06:00,,195.02846
2025-04-26 06:07:00,,195.02838
2025-04-26 06:08:00,,195.02832
2025-04-26 06:09:00,,195.02826
2025-04-26 06:10:00,,195.0282
2025-04-26 06:11:00,,195.02814
2025-04-26 06:12:00,,195.02808
2025-04-26 06:13:00,,195.02802
2025-04-26 06:14:00,,195.02794
2025-04-26 06:15:00,,195.02788
2025-04-26 06:16:00,,195.02782
2025-04-26 06:17:00,,195.02776
2025-04-26 06:18:00,,195.0277
2025-04-26 06:19:00,,195.02765
2025-04-26 06:20:00,,195.02759
2025-04-26 06:21:00,,195.02753
2025-04-26 06:22:00,,195.02747
2025-04-26 06:23:00,,195.02742
2025-04-26 06:24:00,,195.02736
2025-04-26 06:25:00,,195.0273
2025-04-26 06:26:00,,195.02722
2025-04-26 06:27:00,,195.02719
2025-04-26 06:28:00,,195.02711
2025-04-26 06:29:00,,195.02708
2025-04-26 06:30:00,,195.02702
2025-04-26 06:31:00,,195.02698
2025-04-26 06:32:00,,195.02692
2025-04-26 06:33:00,,195.02684
2025-04-26 06:34:00,,195.02681
2025-04-26 06:35:00,,195.02676
2025-04-26 06:36:00,,195.0267
2025-04-26 06:37:00,,195.02666
2025-04-26 06:38:00,,195.0266
2025-04-26 06:39:00,,195.02655
2025-04-26 06:40:00,,195.0265
2025-04-26 06:41:00,,195.02644
2025-04-26 06:42:00,,195.0264
2025-04-26 06:43:00,,195.02637
2025-04-26 06:44:00,,195.02629
2025-04-26 06:45:00,,195.02626
2025-04-26 06:46:00,,195.02621
2025-04-26 06:47:00,,195.02615
2025-04-26 06:48:00,,195.02611
2025-04-26 06:49:00,,195.02606
2025-04-26 06:50:00,,195.02603
2025-04-26 06:51:00,,195.02599
2025-04-26 06:52:00,,195.02594
2025-04-26 06:53:00,,195.02588
2025-04-26 06:54:00,,195.02583
2025-04-26 06:55:00,,195.02579
2025-04-26 06:56:00,,195.02576
2025-04-26 06:57:00,,195.02571
2025-04-26 06:58:00,,195.02567
2025-04-26 06:59:00,,195.02562
2025-04-26 07:00:00,,195.02557
2025-04-26 07:01:00,,195.02554
2025-04-26 07:02:00,,195.0255
2025-04-26 07:03:00,,195.02545
2025-04-26 07:04:00,,195.0254
2025-04-26 07:05:00,,195.02538
2025-04-26 07:06:00,,195.02533
2025-04-26 07:07:00,,195.02528
2025-04-26 07:08:00,,195.02527
2025-04-26 07:09:00,,195.02522
2025-04-26 07:10:00,,195.02518
2025-04-26 07:11:00,,195.02513
2025-04-26 07:12:00,,195.0251
2025-04-26 07:13:00,,195.02505
2025-04-26 07:14:00,,195.02502
2025-04-26 07:15:00,,195.025
2025-04-26 07:16:00,,195.02495
2025-04-26 07:17:00,,195.0249
2025-04-26 07:18:00,,195.02489
2025-04-26 07:19:00,,195.02484
2025-04-26 07:20:00,,195.0248
2025-04-26 07:21:00,,195.02475
2025-04-26 07:22:00,,195.02473
2025-04-26 07:23:00,,195.02469
2025-04-26 07:24:00,,195.02466
2025-04-26 07:25:00,,195.02463
2025-04-26 07:26:00,,195.02458
2025-04-26 07:27:00,,195.02457
2025-04-26 07:28:00,,195.02452
2025-04-26 07:29:00,,195.02448
2025-04-26 07:30:00,,195.02446
2025-04-26 07:31:00,,195.02441
2025-04-26 07:32:00,,195.0244
2025-04-26 07:33:00,,195.02435
2025-04-26 07:34:00,,195.02434
2025-04-26 07:35:00,,195.02429
2025-04-26 07:36:00,,195.02428
2025-04-26 07:37:00,,195.02423
2025-04-26 07:38:00,,195.02422
2025-04-26 07:39:00,,195.02417
2025-04-26 07:40:00,,195.02414
2025-04-26 07:41:00,,195.02411
2025-04-26 07:42:00,,195.02408
2025-04-26 07:43:00,,195.02406
2025-04-26 07:44:00,,195.02402
2025-04-26 07:45:00,,195.024
2025-04-26 07:46:00,,195.02396
2025-04-26 07:47:00,,195.02394
2025-04-26 07:48:00,,195.02391
2025-04-26 07:49:00,,195.02386
2025-04-26 07:50:00,,195.02385
2025-04-26 07:51:00,,195.02383
2025-04-26 07:52:00,,195.02379
2025-04-26 07:53:00,,195.02376
2025-04-26 07:54:00,,195.02374
2025-04-26 07:55:00,,195.02373
2025-04-26 07:56:00,,195.02368
2025-04-26 07:57:00,,195.02367
2025-04-26 07:58:00,,195.02364
2025-04-26 07:59:00,,195.02362
2025-04-26 08:00:00,,195.02357
2025-04-26 08:01:00,,195.02356
2025-04-26 08:02:00,,195.02353
2025-04-26 08:03:00,,195.02351
2025-04-26 08:04:00,,195.02348
2025-04-26 08:05:00,,195.02345
2025-04-26 08:06:00,,195.02342
2025-04-26 08:07:00,,195.0234
2025-04-26 08:08:00,,195.02339
2025-04-26 08:09:00,,195.02336
2025-04-26 08:10:00,,195.02335
2025-04-26 08:11:00,,195.02332
2025-04-26 08:12:00,,195.02328
2025-04-26 08:13:00,,195.02325
2025-04-26 08:14:00,,195.02324
2025-04-26 08:15:00,,195.02321
2025-04-26 08:16:00,,195.0232
2025-04-26 08:17:00,,195.02318
2025-04-26 08:18:00,,195.02315
2025-04-26 08:19:00,,195.02313
2025-04-26 08:20:00,,195.02312
2025-04-26 08:21:00,,195.02309
2025-04-26 08:22:00,,195.02307
2025-04-26 08:23:00,,195.02304
2025-04-26 08:24:00,,195.02303
2025-04-26 08:25:00,,195.02301
2025-04-26 08:26:00,,195.02298
2025-04-26 08:27:00,,195.02296
2025-04-26 08:28:00,,195.02293
2025-04-26 08:29:00,,195.02292
2025-04-26 08:30:00,,195.0229
2025-04-26 08:31:00,,195.02287
2025-04-26 08:32:00,,195.02286
2025-04-26 08:33:00,,195.02284
2025-04-26 08:34:00,,195.02281
2025-04-26 08:35:00,,195.0228
2025-04-26 08:36:00,,195.02277
2025-04-26 08:37:00,,195.02275
2025-04-26 08:38:00,,195.02275
2025-04-26 08:39:00,,195.02274
2025-04-26 08:40:00,,195.0227
2025-04-26 08:41:00,,195.02269
2025-04-26 08:42:00,,195.02266
2025-04-26 08:43:00,,195.02264
2025-04-26 08:44:00,,195.02263
2025-04-26 08:45:00,,195.0226
2025-04-26 08:46:00,,195.0226
2025-04-26 08:47:00,,195.02258
2025-04-26 08:48:00,,195.02257
2025-04-26 08:49:00,,195.02254
2025-04-26 08:50:00,,195.02252
2025-04-26 08:51:00,,195.02252
2025-04-26 08:52:00,,195.02249
2025-04-26 08:53:00,,195.02248
2025-04-26 08:54:00,,195.02246
2025-04-26 08:55:00,,195.02243
2025-04-26 08:56:00,,195.02243
2025-04-26 08:57:00,,195.02242
2025-04-26 08:58:00,,195.0224
2025-04-26 08:59:00,,195.02237
2025-04-26 09:00:00,,195.02237
2025-04-26 09:01:00,,195.02235
2025-04-26 09:02:00,,195.02232
2025-04-26 09:03:00,,195.02231
2025-04-26 09:04:00,,195.02231
2025-04-26 09:05:00,,195.0223
2025-04-26 09:06:00,,195.02226
2025-04-26 09:07:00,,195.02226
2025-04-26 09:08:00,,195.02225
2025-04-26 09:09:00,,195.02222
2025-04-26 09:10:00,,195.0222
2025-04-26 09:11:00,,195.0222
2025-04-26 09:12:00,,195.02219
2025-04-26 09:13:00,,195.02216
2025-04-26 09:14:00,,195.02216
2025-04-26 09:15:00,,195.02214
2025-04-26 09:16:00,,195.02213
2025-04-26 09:17:00,,195.02213
2025-04-26 09:18:00,,195.0221
2025-04-26 09:19:00,,195.02208
2025-04-26 09:20:00,,195.02208
2025-04-26 09:21:00,,195.02205
2025-04-26 09:22:00,,195.02205
2025-04-26 09:23:00,,195.02203
2025-04-26 09:24:00,,195.02202
2025-04-26 09:25:00,,195.02202
2025-04-26 09:26:00,,195.02199
2025-04-26 09:27:00,,195.02199
2025-04-26 09:28:00,,195.02197
2025-04-26 09:29:00,,195.02194
2025-04-26 09:30:00,,195.02194
2025-04-26 09:31:00,,195.02193
2025-04-26 09:32:00,,195.02193
2025-04-26 09:33:00,,195.02191
2025-04-26 09:34:00,,195.02188
2025-04-26 09:35:00,,195.02188
2025-04-26 09:36:00,,195.02187
2025-04-26 09:37:00,,195.02187
2025-04-26 09:38:00,,195.02185
2025-04-26 09:39:00,,195.02185
2025-04-26 09:40:00,,195.02182
2025-04-26 09:41:00,,195.02182
2025-04-26 09:42:00,,195.0218
2025-04-26 09:43:00,,195.0218
2025-04-26 09:44:00,,195.02177
2025-04-26 09:45:00,,195.02177
2025-04-26 09:46:00,,195.02176
2025-04-26 09:47:00,,195.02176
2025-04-26 09:48:00,,195.02174
2025-04-26 09:49:00,,195.02174
2025-04-26 09:50:00,,195.02171
2025-04-26 09:51:00,,195.02171
2025-04-26 09:52:00,,195.0217
2025-04-26 09:53:00,,195.0217
2025-04-26 09:54:00,,195.02167
2025-04-26 09:55:00,,195.02167
2025-04-26 09:56:00,,195.02165
2025-04-26 09:57:00,,195.02165
2025-04-26 09:58:00,,195.02164
2025-04-26 09:59:00,,195.02164
2025-04-26 10:00:00,,195.0216
2025-04-26 10:01:00,,195.0216
2025-04-26 10:02:00,,195.02159
2025-04-26 10:03:00,,195.02159
2025-04-26 10:04:00,,195.02159
2025-04-26 10:05:00,,195.02158
2025-04-26 10:06:00,,195.02158
2025-04-26 10:07:00,,195.02155
2025-04-26 10:08:00,,195.02155
2025-04-26 10:09:00,,195.02153
2025-04-26 10:10:00,,195.02153
2025-04-26 10:11:00,,195.02153
2025-04-26 10:12:00,,195.0215
2025-04-26 10:13:00,,195.0215
2025-04-26 10:14:00,,195.02148
2025-04-26 10:15:00,,195.02148
2025-04-26 10:16:00,,195.02147
2025-04-26 10:17:00,,195.02147
2025-04-26 10:18:00,,195.02147
2025-04-26 10:19:00,,195.02144
2025-04-26 10:20:00,,195.02144
2025-04-26 10:21:00,,195.02144
2025-04-26 10:22:00,,195.02142
2025-04-26 10:23:00,,195.02142
2025-04-26 10:24:00,,195.0214
2025-04-26 10:25:00,,195.0214
2025-04-26 10:26:00,,195.0214
2025-04-26 10:27:00,,195.02138
2025-04-26 10:28:00,,195.02138
2025-04-26 10:29:00,,195.02138
2025-04-26 10:30:00,,195.02136
2025-04-26 10:31:00,,195.02136
2025-04-26 10:32:00,,195.02133
2025-04-26 10:33:00,,195.02133
2025-04-26 10:34:00,,195.02133
2025-04-26 10:35:00,,195.02132
2025-04-26 10:36:00,,195.02132
2025-04-26 10:37:00,,195.02132
2025-04-26 10:38:00,,195.0213
2025-04-26 10:39:00,,195.0213
2025-04-26 10:40:00,,195.0213
2025-04-26 10:41:00,,195.02127
2025-04-26 10:42:00,,195.02127
2025-04-26 10:43:00,,195.02127
2025-04-26 10:44:00,,195.02127
2025-04-26 10:45:00,,195.02126
2025-04-26 10:46:00,,195.02126
2025-04-26 10:47:00,,195.02126
2025-04-26 10:48:00,,195.02122
2025-04-26 10:49:00,,195.02122
2025-04-26 10:50:00,,195.02122
2025-04-26 10:51:00,,195.02121
2025-04-26 10:52:00,,195.02121
2025-04-26 10:53:00,,195.02121
2025-04-26 10:54:00,,195.0212
2025-04-26 10:55:00,,195.0212
2025-04-26 10:56:00,,195.0212
2025-04-26 10:57:00,,195.0212
2025-04-26 10:58:00,,195.02116
2025-04-26 10:59:00,,195.02116
2025-04-26 11:00:00,,195.02116
2025-04-26 11:01:00,,195.02116
2025-04-26 11:02:00,,195.02115
2025-04-26 11:03:00,,195.02115
2025-04-26 11:04:00,,195.02115
2025-04-26 11:05:00,,195.02112
2025-04-26 11:06:00,,195.02112
2025-04-26 11:07:00,,195.02112
2025-04-26 11:08:00,,195.02112
2025-04-26 11:09:00,,195.0211
2025-04-26 11:10:00,,195.0211
2025-04-26 11:11:00,,195.0211
2025-04-26 11:12:00,,195.0211
2025-04-26 11:13:00,,195.02109
2025-04-26 11:14:00,,195.02109
2025-04-26 11:15:00,,195.02109
2025-04-26 11:16:00,,195.02109
2025-04-26 11:17:00,,195.02106
2025-04-26 11:18:00,,195.02106
2025-04-26 11:19:00,,195.02106
2025-04-26 11:20:00,,195.02106
2025-04-26 11:21:00,,195.02104
2025-04-26 11:22:00,,195.02104
2025-04-26 11:23:00,,195.02104
2025-04-26 11:24:00,,195.02104
2025-04-26 11:25:00,,195.02104
2025-04-26 11:26:00,,195.02103
2025-04-26 11:27:00,,195.02103
2025-04-26 11:28:00,,195.02103
2025-04-26 11:29:00,,195.02103
2025-04-26 11:30:00,,195.021
2025-04-26 11:31:00,,195.021
2025-04-26 11:32:00,,195.021
2025-04-26 11:33:00,,195.021
2025-04-26 11:34:00,,195.021
2025-04-26 11:35:00,,195.02098
2025-04-26 11:36:00,,195.02098
2025-04-26 11:37:00,,195.02098
2025-04-26 11:38:00,,195.02098
2025-04-26 11:39:00,,195.02098
2025-04-26 11:40:00,,195.02095
2025-04-26 11:41:00,,195.02095
2025-04-26 11:42:00,,195.02095
2025-04-26 11:43:00,,195.02095
2025-04-26 11:44:00,,195.02095
2025-04-26 11:45:00,,195.02094
2025-04-26 11:46:00,,195.02094
2025-04-26 11:47:00,,195.02094
2025-04-26 11:48:00,,195.02094
2025-04-26 11:49:00,,195.02094
2025-04-26 11:50:00,,195.02092
2025-04-26 11:51:00,,195.02092
2025-04-26 11:52:00,,195.02092
2025-04-26 11:53:00,,195.02092
2025-04-26 11:54:00,,195.02092
2025-04-26 11:55:00,,195.02089
2025-04-26 11:56:00,,195.02089
2025-04-26 11:57:00,,195.02089
2025-04-26 11:58:00,,195.02089
2025-04-26 11:59:00,,195.02089
2025-04-26 12:00:00,,195.02089
2025-04-26 12:01:00,,195.02087
2025-04-26 12:02:00,,195.02087
2025-04-26 12:03:00,,195.02087
2025-04-26 12:04:00,,195.02087
2025-04-26 12:05:00,,195.02087
2025-04-26 12:06:00,,195.02087
2025-04-26 12:07:00,,195.02084
2025-04-26 12:08:00,,195.02084
2025-04-26 12:09:00,,195.02084
2025-04-26 12:10:00,,195.02084
2025-04-26 12:11:00,,195.02084
2025-04-26 12:12:00,,195.02084
2025-04-26 12:13:00,,195.02084
2025-04-26 12:14:00,,195.02083
2025-04-26 12:15:00,,195.02083
2025-04-26 12:16:00,,195.02083
2025-04-26 12:17:00,,195.02083
2025-04-26 12:18:00,,195.02083
2025-04-26 12:19:00,,195.02083
2025-04-26 12:20:00,,195.02081
2025-04-26 12:21:00,,195.02081
2025-04-26 12:22:00,,195.02081
2025-04-26 12:23:00,,195.02081
2025-04-26 12:24:00,,195.02081
2025-04-26 12:25:00,,195.02081
2025-04-26 12:26:00,,195.02081
2025-04-26 12:27:00,,195.02081
2025-04-26 12:28:00,,195.02078
2025-04-26 12:29:00,,195.02078
2025-04-26 12:30:00,,195.02078
2025-04-26 12:31:00,,195.02078
2025-04-26 12:32:00,,195.02078
2025-04-26 12:33:00,,195.02078
2025-04-26 12:34:00,,195.02078
2025-04-26 12:35:00,,195.02077
2025-04-26 12:36:00,,195.02077
2025-04-26 12:37:00,,195.02077
2025-04-26 12:38:00,,195.02077
2025-04-26 12:39:00,,195.02077
2025-04-26 12:40:00,,195.02077
2025-04-26 12:41:00,,195.02077
2025-04-26 12:42:00,,195.02077
2025-04-26 12:43:00,,195.02075
2025-04-26 12:44:00,,195.02075
2025-04-26 12:45:00,,195.02075
2025-04-26 12:46:00,,195.02075
2025-04-26 12:47:00,,195.02075
2025-04-26 12:48:00,,195.02075
2025-04-26 12:49:00,,195.02075
2025-04-26 12:50:00,,195.02075
2025-04-26 12:51:00,,195.02075
2025-04-26 12:52:00,,195.02072
2025-04-26 12:53:00,,195.02072
2025-04-26 12:54:00,,195.02072
2025-04-26 12:55:00,,195.02072
2025-04-26 12:56:00,,195.02072
2025-04-26 12:57:00,,195.02072
2025-04-26 12:58:00,,195.02072
2025-04-26 12:59:00,,195.02072
2025-04-26 13:00:00,,195.02072
2025-04-26 13:01:00,,195.02072
2025-04-26 13:02:00,,195.0207
2025-04-26 13:03:00,,195.0207
2025-04-26 13:04:00,,195.0207
2025-04-26 13:05:00,,195.0207
2025-04-26 13:06:00,,195.0207
2025-04-26 13:07:00,,195.0207
2025-04-26 13:08:00,,195.0207
2025-04-26 13:09:00,,195.0207
2025-04-26 13:10:00,,195.0207
2025-04-26 13:11:00,,195.0207
2025-04-26 13:12:00,,195.02068
2025-04-26 13:13:00,,195.02068
2025-04-26 13:14:00,,195.02068
2025-04-26 13:15:00,,195.02068
2025-04-26 13:16:00,,195.02068
2025-04-26 13:17:00,,195.02068
2025-04-26 13:18:00,,195.02068
2025-04-26 13:19:00,,195.02068
2025-04-26 13:20:00,,195.02068
2025-04-26 13:21:00,,195.02068
2025-04-26 13:22:00,,195.02068
2025-04-26 13:23:00,,195.02066
2025-04-26 13:24:00,,195.02066
2025-04-26 13:25:00,,195.02066
2025-04-26 13:26:00,,195.02066
2025-04-26 13:27:00,,195.02066
2025-04-26 13:28:00,,195.02066
2025-04-26 13:29:00,,195.02066
2025-04-26 13:30:00,,195.02066
2025-04-26 13:31:00,,195.02066
2025-04-26 13:32:00,,195.02066
2025-04-26 13:33:00,,195.02066
2025-04-26 13:34:00,,195.02066
2025-04-26 13:35:00,,195.02065
2025-04-26 13:36:00,,195.02065
2025-04-26 13:37:00,,195.02065
2025-04-26 13:38:00,,195.02065
2025-04-26 13:39:00,,195.02065
2025-04-26 13:40:00,,195.02065
2025-04-26 13:41:00,,195.02065
2025-04-26 13:42:00,,195.02065
2025-04-26 13:43:00,,195.02065
2025-04-26 13:44:00,,195.02065
2025-04-26 13:45:00,,195.02065
2025-04-26 13:46:00,,195.02065
2025-04-26 13:47:00,,195.02065
2025-04-26 13:48:00,,195.02061
2025-04-26 13:49:00,,195.02061
2025-04-26 13:50:00,,195.02061
2025-04-26 13:51:00,,195.02061
2025-04-26 13:52:00,,195.02061
2025-04-26 13:53:00,,195.02061
2025-04-26 13:54:00,,195.02061
2025-04-26 13:55:00,,195.02061
2025-04-26 13:56:00,,195.02061
2025-04-26 13:57:00,,195.02061
2025-04-26 13:58:00,,195.02061
2025-04-26 13:59:00,,195.02061
2025-04-26 14:00:00,,195.02061
2025-04-26 14:01:00,,195.02061
2025-04-26 14:02:00,,195.0206
2025-04-26 14:03:00,,195.0206
2025-04-26 14:04:00,,195.0206
2025-04-26 14:05:00,,195.0206
2025-04-26 14:06:00,,195.0206
2025-04-26 14:07:00,,195.0206
2025-04-26 14:08:00,,195.0206
2025-04-26 14:09:00,,195.0206
2025-04-26 14:10:00,,195.0206
2025-04-26 14:11:00,,195.0206
2025-04-26 14:12:00,,195.0206
2025-04-26 14:13:00,,195.0206
2025-04-26 14:14:00,,195.0206
2025-04-26 14:15:00,,195.0206
2025-04-26 14:16:00,,195.0206
2025-04-26 14:17:00,,195.0206
2025-04-26 14:18:00,,195.0206
2025-04-26 14:19:00,,195.02057
2025-04-26 14:20:00,,195.02057
2025-04-26 14:21:00,,195.02057
2025-04-26 14:22:00,,195.02057
2025-04-26 14:23:00,,195.02057
2025-04-26 14:24:00,,195.02057
2025-04-26 14:25:00,,195.02057
2025-04-26 14:26:00,,195.02057
2025-04-26 14:27:00,,195.02057
2025-04-26 14:28:00,,195.02057
2025-04-26 14:29:00,,195.02057
2025-04-26 14:30:00,,195.02057
2025-04-26 14:31:00,,195.02057
2025-04-26 14:32:00,,195.02057
2025-04-26 14:33:00,,195.02057
2025-04-26 14:34:00,,195.02057
2025-04-26 14:35:00,,195.02057
2025-04-26 14:36:00,,195.02057
2025-04-26 14:37:00,,195.02057
2025-04-26 14:38:00,,195.02057
2025-04-26 14:39:00,,195.02057
2025-04-26 14:40:00,,195.02055
2025-04-26 14:41:00,,195.02055
2025-04-26 14:42:00,,195.02055
2025-04-26 14:43:00,,195.02055
2025-04-26 14:44:00,,195.02055
2025-04-26 14:45:00,,195.02055
2025-04-26 14:46:00,,195.02055
2025-04-26 14:47:00,,195.02055
2025-04-26 14:48:00,,195.02055
2025-04-26 14:49:00,,195.02055
2025-04-26 14:50:00,,195.02055
2025-04-26 14:51:00,,195.02055
2025-04-26 14:52:00,,195.02055
2025-04-26 14:53:00,,195.02055
2025-04-26 14:54:00,,195.02055
2025-04-26 14:55:00,,195.02055
2025-04-26 14:56:00,,195.02055
2025-04-26 14:57:00,,195.02055
2025-04-26 14:58:00,,195.02055
2025-04-26 14:59:00,,195.02055
2025-04-26 15:00:00,,195.02055
2025-04-26 15:01:00,,195.02055
2025-04-26 15:02:00,,195.02055
2025-04-26 15:03:00,,195.02055
2025-04-26 15:04:00,,195.02055
2025-04-26 15:05:00,,195.02054
2025-04-26 15:06:00,,195.02054
2025-04-26 15:07:00,,195.02054
2025-04-26 15:08:00,,195.02054
2025-04-26 15:09:00,,195.02054
2025-04-26 15:10:00,,195.02054
2025-04-26 15:11:00,,195.02054
2025-04-26 15:12:00,,195.02054
2025-04-26 15:13:00,,195.02054
2025-04-26 15:14:00,,195.02054
2025-04-26 15:15:00,,195.02054
2025-04-26 15:16:00,,195.02054
2025-04-26 15:17:00,,195.02054
2025-04-26 15:18:00,,195.02054
2025-04-26 15:19:00,,195.02054
2025-04-26 15:20:00,,195.02054
2025-04-26 15:21:00,,195.02054
2025-04-26 15:22:00,,195.02054
2025-04-26 15:23:00,,195.02054
2025-04-26 15:24:00,,195.02054
2025-04-26 15:25:00,,195.02054
2025-04-26 15:26:00,,195.02054
2025-04-26 15:27:00,,195.02054
2025-04-26 15:28:00,,195.02054
2025-04-26 15:29:00,,195.02054
2025-04-26 15:30:00,,195.02054
2025-04-26 15:31:00,,195.02054
2025-04-26 15:32:00,,195.02054
2025-04-26 15:33:00,,195.02054
2025-04-26 15:34:00,,195.02054
2025-04-26 15:35:00,,195.02054
2025-04-26 15:36:00,,195.02054
2025-04-26 15:37:00,,195.02054
2025-04-26 15:38:00,,195.02054
2025-04-26 15:39:00,,195.02054
2025-04-26 15:40:00,,195.02051
2025-04-26 15:41:00,,195.02051
2025-04-26 15:42:00,,195.02051
2025-04-26 15:43:00,,195.02051
2025-04-26 15:44:00,,195.02051
2025-04-26 15:45:00,,195.02051
2025-04-26 15:46:00,,195.02051
2025-04-26 15:47:00,,195.02051
2025-04-26 15:48:00,,195.02051
2025-04-26 15:49:00,,195.02051
2025-04-26 15:50:00,,195.02051
2025-04-26 15:51:00,,195.02051
2025-04-26 15:52:00,,195.02051
2025-04-26 15:53:00,,195.02051
2025-04-26 15:54:00,,195.02051
2025-04-26 15:55:00,,195.02051
2025-04-26 15:56:00,,195.02051
2025-04-26 15:57:00,,195.02051
2025-04-26 15:58:00,,195.02051
2025-04-26 15:59:00,,195.02051
